{
  "checkpoint": "rfdetr_dancetrack_motip/checkpoint_best_total.pth",
  "sequence": "dancetrack0004",
  "n_pairs": 99,
  "dec_layers": 3,
  "model_info": {
    "hidden_dim": 256,
    "num_queries": 300,
    "dec_layers": 3,
    "aux_loss": true,
    "two_stage": true
  },
  "per_layer_slot_stability": {
    "0": {
      "mean": 0.6931491843377701,
      "std": 0.023948495288038867,
      "mean_n_unstable": 41.86868686868687,
      "mean_n_stable": 32.292929292929294
    },
    "1": {
      "mean": 0.6401217363097451,
      "std": 0.025082147039108226,
      "mean_n_unstable": 61.707070707070706,
      "mean_n_stable": 15.323232323232324
    },
    "2": {
      "mean": 0.6058948569827609,
      "std": 0.026979266366535252,
      "mean_n_unstable": 79.34343434343434,
      "mean_n_stable": 10.373737373737374
    }
  },
  "per_layer_object_stability": {
    "0": {
      "mean": 0.9529040203704535,
      "std": 0.032784231511359306,
      "n": 383
    },
    "1": {
      "mean": 0.9622452016287621,
      "std": 0.025062005101782966,
      "n": 383
    },
    "2": {
      "mean": 0.9681703149494241,
      "std": 0.020175008756877794,
      "n": 383
    }
  },
  "cross_layer_similarity": {
    "0_vs_1": {
      "mean": 0.6635814489740314,
      "std": 0.005419501327609416
    },
    "0_vs_2": {
      "mean": 0.5266880055870673,
      "std": 0.0072494207519955495
    },
    "1_vs_2": {
      "mean": 0.7662095397409766,
      "std": 0.0075689695089374625
    }
  },
  "hypothesis": "#1 CONFIRMED: layer 0 > layer 2 (by 0.087) \u2014 NAS weight sharing artifact; first layer more regularized"
}