{
  "V3_default": {
    "false_newborns": 1122,
    "total_tracked": 1122,
    "mean_correct_score": 0.9801667847575471,
    "mean_newborn_score": 0.5924111697258372,
    "false_newborn_rate": 1.0,
    "newborn_rate": 0.014881031327090904
  },
  "V4a_3_default": {
    "false_newborns": 1428,
    "total_tracked": 1428,
    "mean_correct_score": 0.9788018372220592,
    "mean_newborn_score": 0.6076589195730806,
    "false_newborn_rate": 1.0,
    "newborn_rate": 0.018939494416297515
  },
  "V4a_3_thresh_0.05": {
    "false_newborns": 1461,
    "total_tracked": 1461,
    "mean_correct_score": 0.9788346726942675,
    "mean_newborn_score": 0.6173768105121772,
    "false_newborn_rate": 1.0,
    "newborn_rate": 0.019377171808270775
  },
  "V4a_3_thresh_0.10": {
    "false_newborns": 1461,
    "total_tracked": 1461,
    "mean_correct_score": 0.9788346726942675,
    "mean_newborn_score": 0.6173768105121772,
    "false_newborn_rate": 1.0,
    "newborn_rate": 0.019377171808270775
  },
  "V4a_3_thresh_0.15": {
    "false_newborns": 1438,
    "total_tracked": 1438,
    "mean_correct_score": 0.9788261529797635,
    "mean_newborn_score": 0.6140489952537712,
    "false_newborn_rate": 1.0,
    "newborn_rate": 0.019072123929016686
  },
  "V4a_3_thresh_0.20": {
    "false_newborns": 1428,
    "total_tracked": 1428,
    "mean_correct_score": 0.9788018372220592,
    "mean_newborn_score": 0.6076589195730806,
    "false_newborn_rate": 1.0,
    "newborn_rate": 0.018939494416297515
  },
  "V4a_6_default": {
    "false_newborns": 1148,
    "total_tracked": 1148,
    "mean_correct_score": 0.9808491206171135,
    "mean_newborn_score": 0.5895139474927964,
    "false_newborn_rate": 1.0,
    "newborn_rate": 0.015225868060160746
  },
  "threshold_miscalibration_confirmed": true,
  "best_id_thresh_for_v4a": 0.2,
  "v3_newborn_rate": 0.014881031327090904
}