{
  "results": {
    "V3_train": {
      "mean_non_nb": 0.9848868250846863,
      "std_non_nb": 0.06431113183498383,
      "p10_non_nb": 0.983690083026886,
      "mean_nb_max": 0.61014723777771,
      "std_nb_max": 0.2068299949169159,
      "p10_nb_max": 0.35137203335762024,
      "discriminability_gap": 0.3747395873069763,
      "n_non_nb": 103198,
      "n_nb": 1533
    },
    "V3_val": {
      "mean_non_nb": 0.9801667928695679,
      "std_non_nb": 0.07420849800109863,
      "p10_non_nb": 0.9703222513198853,
      "mean_nb_max": 0.5709267258644104,
      "std_nb_max": 0.21501070261001587,
      "p10_nb_max": 0.2979578375816345,
      "discriminability_gap": 0.40924006700515747,
      "n_non_nb": 74276,
      "n_nb": 1122
    },
    "V4a_6_train": {
      "mean_non_nb": 0.9859272837638855,
      "std_non_nb": 0.06278615444898605,
      "p10_non_nb": 0.9878661036491394,
      "mean_nb_max": 0.6249382495880127,
      "std_nb_max": 0.2049703747034073,
      "p10_nb_max": 0.36762070655822754,
      "discriminability_gap": 0.3609890341758728,
      "n_non_nb": 103254,
      "n_nb": 1477
    },
    "V4a_6_val": {
      "mean_non_nb": 0.9808490872383118,
      "std_non_nb": 0.07414612919092178,
      "p10_non_nb": 0.974702000617981,
      "mean_nb_max": 0.5549819469451904,
      "std_nb_max": 0.23559734225273132,
      "p10_nb_max": 0.25949621200561523,
      "discriminability_gap": 0.42586714029312134,
      "n_non_nb": 74250,
      "n_nb": 1148
    }
  },
  "v3_trainval_gap": -0.03450047969818115,
  "v4a_trainval_gap": -0.06487810611724854,
  "h1_confirmed": false
}