{
  "config": {
    "checkpoint": "ch/checkpoint_2.pth",
    "sequence": "dancetrack0041",
    "id_thresh": 0.2,
    "n_frames": 300,
    "protocol": "hungarian"
  },
  "correct_assignment_scores": {
    "mean": 0.882067462119832,
    "std": 0.18150867268707535,
    "p25": 0.8476882725954056,
    "p50": 0.9745582044124603,
    "p75": 0.9961524605751038,
    "n": 3574
  },
  "case_A_scores": {
    "mean": 0.17896651190060836,
    "std": 0.014149666049391295,
    "p25": 0.169595405459404,
    "p50": 0.18357524275779724,
    "p75": 0.18643790483474731,
    "n": 13,
    "description": "newborn, best_trajectory_score < id_thresh"
  },
  "case_B_scores": {
    "mean": 0.5258128492422002,
    "std": 0.18510810640725175,
    "p25": 0.37713879346847534,
    "p50": 0.5093634128570557,
    "p75": 0.6650523841381073,
    "n": 279,
    "description": "newborn despite best_trajectory_score >= id_thresh"
  },
  "case_C_count": {
    "n": 0,
    "description": "newborn, correct label absent from trajectory memory"
  },
  "max_scores_all": {
    "mean": 0.845626968381555,
    "std": 0.20660711889998687,
    "p25": 0.7413057684898376,
    "p50": 0.9596972465515137,
    "p75": 0.9947722554206848,
    "n": 4429
  },
  "newborn_max_scores": {
    "mean": 0.5103710602509649,
    "std": 0.1945916408560885,
    "p25": 0.35537490248680115,
    "p50": 0.5007465332746506,
    "p75": 0.6582224071025848,
    "n": 292
  },
  "newborn_breakdown": {
    "total": 292,
    "case_A": 13,
    "case_B": 279,
    "case_C": 0,
    "case_A_pct": 4.5,
    "case_B_pct": 95.5,
    "case_C_pct": 0.0
  }
}