{
  "layer_0": {
    "ages": [
      1,
      2,
      3,
      4,
      5,
      6,
      7,
      8,
      9,
      10,
      11,
      12,
      13,
      14,
      15,
      16,
      17,
      18,
      19,
      20,
      21,
      22,
      23,
      24,
      25,
      26,
      27,
      28,
      29
    ],
    "mean_weights": [
      0.031158015116465373,
      0.013736092457270768,
      0.007810699140630019,
      0.005805823381980724,
      0.004641592470256405,
      0.003984947222924528,
      0.0033399505834566736,
      0.002825727386464415,
      0.002410308614516618,
      0.0021222623777552496,
      0.0019258719745232015,
      0.0017329377819628765,
      0.0016239294229793467,
      0.001511856731632118,
      0.0014504382757682325,
      0.0013786599907476978,
      0.0013444111429980101,
      0.001315137392530222,
      0.0013140629867643223,
      0.0013075340041383856,
      0.0013148151373362166,
      0.0013279338661211144,
      0.0013505279311292115,
      0.0013855857191536949,
      0.0014147453829263614,
      0.0014840020628255177,
      0.001577265690712005,
      0.0016682667391302163,
      0.0018370930259943938
    ],
    "std_weights": [
      0.053358887267293494,
      0.020860115858717304,
      0.010269925374953614,
      0.007206112352541752,
      0.005581807080554957,
      0.00470729829112127,
      0.0038634097964875286,
      0.0032466122685455533,
      0.002673837165469738,
      0.0023138859630215986,
      0.002094997796248726,
      0.0018933896117217278,
      0.001854022563230626,
      0.0016404150125233958,
      0.0015480762990899592,
      0.0014560767301081325,
      0.0014158615173693087,
      0.0013983187158772069,
      0.0013845894146919443,
      0.0013565786008922682,
      0.0013482241479391664,
      0.0013582279944873055,
      0.0013622011362264678,
      0.0013857899561943463,
      0.0014077302798257447,
      0.0014789182013892456,
      0.001688242320276325,
      0.0018710955605370162,
      0.002178395768465416
    ],
    "uniformity_cv": 1.585325438740985
  },
  "layer_1": {
    "ages": [
      1,
      2,
      3,
      4,
      5,
      6,
      7,
      8,
      9,
      10,
      11,
      12,
      13,
      14,
      15,
      16,
      17,
      18,
      19,
      20,
      21,
      22,
      23,
      24,
      25,
      26,
      27,
      28,
      29
    ],
    "mean_weights": [
      0.014444482683064393,
      0.018353127981176658,
      0.016213261321593755,
      0.012701075271656414,
      0.009675244739761807,
      0.007458145322298857,
      0.00613000543988855,
      0.005203690625052206,
      0.004395965265710775,
      0.0038365507862143087,
      0.003494313685709295,
      0.0031703897369094194,
      0.0029398739478305245,
      0.0027074057881199746,
      0.0025352221331176807,
      0.0024057735135327102,
      0.0023054920164154195,
      0.0022246703610377385,
      0.0021454762977824874,
      0.0020941222401419366,
      0.00204937870079981,
      0.0020282850889293404,
      0.0020301329803053157,
      0.0020018511548474563,
      0.0019939271737601898,
      0.0020232648769465157,
      0.0020602690107738506,
      0.002143870346050161,
      0.0022700925097963866
    ],
    "std_weights": [
      0.031632523680275144,
      0.031540596486381155,
      0.02586222740710161,
      0.019432926516148436,
      0.014339361932571421,
      0.010698952719901025,
      0.008508306828121818,
      0.00709025272309596,
      0.005862726214833967,
      0.005051477417251467,
      0.00449788128252816,
      0.004027534859114794,
      0.0037801166198794156,
      0.0034512823468660987,
      0.0031867135094103254,
      0.0030024591766620707,
      0.0028626333518915223,
      0.002744545425770376,
      0.0026585725684331613,
      0.0025819504446933563,
      0.002472956447913411,
      0.0024278091066349114,
      0.0024428736811021178,
      0.0023875011673719277,
      0.0024052185091823224,
      0.002486799765457801,
      0.002520091964771194,
      0.002676991504225934,
      0.00293959056725542
    ],
    "uniformity_cv": 0.9376993291799471
  },
  "layer_2": {
    "ages": [
      1,
      2,
      3,
      4,
      5,
      6,
      7,
      8,
      9,
      10,
      11,
      12,
      13,
      14,
      15,
      16,
      17,
      18,
      19,
      20,
      21,
      22,
      23,
      24,
      25,
      26,
      27,
      28,
      29
    ],
    "mean_weights": [
      0.010370113443354978,
      0.01023556387329156,
      0.01104253603128952,
      0.012063351463533012,
      0.012689302533909175,
      0.012684166797836204,
      0.012209411598380973,
      0.011381846464347289,
      0.010196491720933754,
      0.009114124562105853,
      0.008184317777188846,
      0.007351898279006127,
      0.006575126767182712,
      0.005953151078912926,
      0.005435407751284249,
      0.00500979147912896,
      0.004642024623186591,
      0.004357511000285889,
      0.004171619646469154,
      0.004079092492386364,
      0.0039530804319806104,
      0.0038901120974536682,
      0.003807739120306696,
      0.003812040940831556,
      0.0037839703292246478,
      0.0037641722708358248,
      0.003810332126378845,
      0.003830629452310977,
      0.0038852778608709777
    ],
    "std_weights": [
      0.02492802053804949,
      0.01847146011402009,
      0.016869640393437975,
      0.017106802403055725,
      0.017205217150265222,
      0.01653780895390072,
      0.01525990406651933,
      0.013933263864833742,
      0.012391088558751078,
      0.010917998111919942,
      0.009752711534895202,
      0.008804987548979386,
      0.007905528744077345,
      0.007170540142250041,
      0.006516312302165469,
      0.006042094718210956,
      0.005562617144582465,
      0.005251990607868531,
      0.005066643623935097,
      0.0050037174317438425,
      0.004855139499807298,
      0.0047830711979856754,
      0.004696886893788327,
      0.004686811552838647,
      0.004617672765536437,
      0.004538338198535246,
      0.004592464186659908,
      0.0046177786646468015,
      0.004758759194774047
    ],
    "uniformity_cv": 0.4745996273383109
  },
  "layer_3": {
    "ages": [
      1,
      2,
      3,
      4,
      5,
      6,
      7,
      8,
      9,
      10,
      11,
      12,
      13,
      14,
      15,
      16,
      17,
      18,
      19,
      20,
      21,
      22,
      23,
      24,
      25,
      26,
      27,
      28,
      29
    ],
    "mean_weights": [
      0.040908451393343294,
      0.031411624924740374,
      0.021769965448313288,
      0.013802966674986584,
      0.008742666540075304,
      0.006023709744770537,
      0.00460075186995813,
      0.0037282512449692755,
      0.003235697232038409,
      0.002938587567278563,
      0.0027717849861637494,
      0.002634698671847582,
      0.002583770863853987,
      0.0025724557249262835,
      0.0025848015511163,
      0.0026412340654383658,
      0.0027122996415723144,
      0.0028392737094422847,
      0.0030185425881991807,
      0.0032331386700597464,
      0.0035050596085684726,
      0.003806981677906621,
      0.004163903833821317,
      0.004595817346712569,
      0.005065456599544203,
      0.005581162015557707,
      0.006137172071855746,
      0.006698566762840047,
      0.006954747793913014
    ],