{
  "checkpoint": "rfdetr_dancetrack_motip/checkpoint_best_total.pth",
  "sequences": [
    "dancetrack0004"
  ],
  "n_frames": 1203,
  "n_active_embeddings": 4586,
  "embedding_dim": 256,
  "model_info": {
    "hidden_dim": 256,
    "num_queries": 300,
    "dec_layers": 3,
    "aux_loss": true,
    "two_stage": true
  },
  "diag1_gap": {
    "easy": 0.101858,
    "medium": 0.167604,
    "hard": 0.150599
  },
  "diag1_stats": {
    "positive": {
      "easy": {
        "mean": 0.974490918898807,
        "std": 0.036313934462598244,
        "n": 3398
      },
      "medium": {
        "mean": 0.9497168916109823,
        "std": 0.057090715939385576,
        "n": 1027
      },
      "hard": {
        "mean": 0.9050633212677518,
        "std": 0.08370896587410132,
        "n": 133
      }
    },
    "unmatched_cross": {
      "easy": {
        "mean": 0.8726329942518379,
        "std": 0.08198004523480261,
        "n": 9964
      },
      "medium": {
        "mean": 0.7821130062241212,
        "std": 0.0803798076810691,
        "n": 2883
      },
      "hard": {
        "mean": 0.754464034613627,
        "std": 0.09153100009685063,
        "n": 377
      }
    },
    "within_frame": {
      "easy": {
        "mean": 0.8742915540065174,
        "std": 0.08162307538591525,
        "n": 9952
      },
      "medium": {
        "mean": 0.7816649219198627,
        "std": 0.08042899361945678,
        "n": 2887
      },
      "hard": {
        "mean": 0.755370761309396,
        "std": 0.08998709949803299,
        "n": 381
      }
    }
  },
  "diag2_dimensionality": {
    "n_components_90": 42,
    "n_components_99": 158,
    "explained_variance_ratio": [
      0.15963420271873474,
      0.12707075476646423,
      0.08770034462213516,
      0.054893460124731064,
      0.050145961344242096,
      0.04301169514656067,
      0.040830716490745544,
      0.0359233058989048,
      0.03179676830768585,
      0.028270715847611427,
      0.02234763838350773,
      0.018429353833198547,
      0.01688149943947792,
      0.015159877017140388,
      0.01345964428037405,
      0.013409148901700974,
      0.012105419300496578,
      0.01059027761220932,
      0.009915124624967575,
      0.008777887560427189,
      0.008129773661494255,
      0.007565295323729515,
      0.0067659649066627026,
      0.006465642713010311,
      0.006208995822817087,
      0.005358947440981865,
      0.005268807057291269,
      0.004950626287609339,
      0.004799616057425737,
      0.004674139898270369,
      0.00431892229244113,
      0.004135326016694307,
      0.003906664904206991,
      0.003704334609210491,
      0.0035658685956150293,
      0.0033143465407192707,
      0.0032472352031618357,
      0.0030305543914437294,
      0.0028563321102410555,
      0.002704481827095151,
      0.0026849096175283194,
      0.002622359897941351,
      0.0025342339649796486,
      0.0023002875968813896,
      0.0022595254704356194,
      0.002205571159720421,
      0.002153766341507435,
      0.0021315228659659624,
      0.002028305549174547,
      0.0019482620991766453,
      0.001900888979434967,
      0.0018781935796141624,
      0.001734882709570229,
      0.0017236811108887196,
      0.001655269879847765,
      0.0016033450374379754,
      0.0015854483935981989,
      0.001479703700169921,
      0.0014432304305955768,
      0.0014171783113852143,
      0.0013756658881902695,
      0.0013173682382330298,
      0.0012913158861920238,
      0.0012551004765555263,
      0.0012395513476803899,
      0.0012054262915626168,
      0.0011608796194195747,
      0.0011560388375073671,
      0.0011197946732863784,
      0.0010926402173936367,
      0.001057577203027904,
      0.0010240966221317649,
      0.0010039658518508077,
      0.000988819170743227,
      0.0009589956025592983,
      0.0009388655889779329,
      0.0009113656706176698,
      0.0008984310552477837,
      0.0008585251052863896,
      0.0008514206274412572,
      0.0008467402076348662,
      0.0008116498938761652,
      0.0008036659564822912,
      0.0007944030803628266,
      0.0007759009022265673,
      0.0007648823084309697,
      0.0007428443059325218,
      0.000724411045666784,
      0.0007126881391741335,
      0.0006833301740698516,
      0.0006691663875244558,
      0.0006663248059339821,
      0.000651995069347322,
      0.0006398348486982286,
      0.0006155656883493066,
      0.0006020129076205194,
      0.0005962406867183745,
      0.0005773952580057085,
      0.0005718262982554734,
      0.0005612594541162252,
      0.0005474939825944602,
      0.0005377266206778586,
      0.0005302981589920819,
      0.0005259161698631942,
      0.0005160110886208713,
      0.0005006084684282541,
      0.00048050115583464503,
      0.00047588677261956036,
      0.0004746407794300467,
      0.00046658882638439536,
      0.00045428660814650357,
      0.00044616442755796015,
      0.00043895767885260284,
      0.00043093375279568136,
      0.0004156394279561937,
      0.00040875564445741475,
      0.00040211016312241554,
      0.0003933327388949692,
      0.0003869317297358066,
      0.0003787850437220186,
      0.0003779275866691023,
      0.00037056239671073854,
      0.00036951416404917836,
      0.00035971359466202557,
      0.0003556388255674392,
      0.0003442399902269244,
      0.00034174384200014174,
      0.00033558192080818117,
      0.00033357160282321274,
      0.0003275078197475523,
      0.00032231034128926694,
      0.00031404642504639924,
      0.00031175860203802586,
      0.00030923221493139863,
      0.00030211996636353433,
      0.00029923851252533495,
      0.00028860868769697845,
      0.00028372835367918015,
      0.0002784079988487065,
      0.00027408337336964905,
      0.0002665036008693278,
      0.0002645658969413489,
      0.0002618027792777866,
      0.00025964598171412945,
      0.00025930965784937143,
      0.0002467296435497701,
      0.0002434817870380357,
      0.00024061574367806315,
      0.00023698792210780084,
      0.00023248941579367965,
      0.00022696824453305453,
      0.00022510219423566014,
      0.00022322079166769981,
      0.0002157485141651705,
      0.00021128004300408065,
      0.00021019925770815462,
      0.00020728848176077008,
      0.00020336938905529678,
      0.00019803049508482218,
      0.0001962717215064913,
      0.00019549271382857114,
      0.00019305663590785116,
      0.0001905081735458225,
      0.00018919497961178422,
      0.00018642483337316662,
      0.00017980331904254854,
      0.00017616739205550402,
      0.00017443517572246492,
      0.00017289628158323467,
      0.0001690937642706558,
      0.00016775420226622373,
      0.00016498319746460766,
      0.00015945972700137645,
      0.00015782960690557957,
      0.00015621153579559177,
      0.00015335544594563544,
      0.00015163284842856228,
      0.00014842073142062873,
      0.0001466229441575706,
      0.0001455619203625247,
      0.00014225600170902908,
      0.00014119716070126742,
      0.00014085091243032366,
      0.00013777913409285247,
      0.00013417107402347028,
      0.00013279526319820434,
      0.00013255520025268197,
      0.0001285647740587592,
      0.000127292558318004,
      0.0001244317536475137,
      0.0001234778028447181,
      0.00011971672211075202,
      0.00011950347106903791,
      0.00011800674110418186,
      0.00011563899897737429,
      0.00011525259469635785,
      0.00011251746764173731,
      0.00011077181261498481,
      0.00010938983177766204,
      0.00010688491602195427,
      0.0001058353009284474,
      0.00010234771616524085,
      0.00010208969615632668,
      9.794639481697232e-05,
      9.70709152170457e-05,
      9.605225932318717e-05,
      9.488910291111097e-05,
      9.30562600842677e-05,
      9.141225746134296e-05,
      9.067447535926476e-05,
      8.892809273675084e-05,
      8.74876495799981e-05,
      8.611683006165549e-05,
      8.508778410032392e-05,
      8.341551438206807e-05,
      8.102841093204916e-05,
      8.047159644775093e-05,
