{
  "checkpoint": "rfdetr_dancetrack_motip/checkpoint_best_total.pth",
  "sequence_dir": "/data/pos+mot/Datadir/DanceTrack/val/dancetrack0004",
  "layer_index": -1,
  "start_frame": 1,
  "dec_layers": 3,
  "hidden_dim": 256,
  "num_queries": 300,
  "pair_results": [
    {
      "pair": "frame_00000001_to_00000002",
      "mean": 0.5252249240875244,
      "std": 0.19626358151435852,
      "min": -0.0537930466234684,
      "max": 0.9424403309822083,
      "n_unstable": 129,
      "n_stable": 4,
      "n_queries": 300,
      "histogram": {
        "counts": [
          0,
          0,
          0,
          0,
          1,
          19,
          61,
          106,
          94,
          19
        ],
        "edges": [
          -1.0,
          -0.8,
          -0.6,
          -0.4,
          -0.2,
          0.0,
          0.2,
          0.4,
          0.6,
          0.8,
          1.0
        ]
      }
    },
    {
      "pair": "frame_00000002_to_00000003",
      "mean": 0.5425916314125061,
      "std": 0.20045793056488037,
      "min": 0.021191304549574852,
      "max": 0.9661848545074463,
      "n_unstable": 128,
      "n_stable": 7,
      "n_queries": 300,
      "histogram": {
        "counts": [
          0,
          0,
          0,
          0,
          0,
          13,
          62,
          99,
          94,
          32
        ],
        "edges": [
          -1.0,
          -0.8,
          -0.6,
          -0.4,
          -0.2,
          0.0,
          0.2,
          0.4,
          0.6,
          0.8,
          1.0
        ]
      }
    },
    {
      "pair": "frame_00000003_to_00000004",
      "mean": 0.5458374619483948,
      "std": 0.2084627002477646,
      "min": -0.1302114874124527,
      "max": 0.9514192342758179,
      "n_unstable": 120,
      "n_stable": 5,
      "n_queries": 300,
      "histogram": {
        "counts": [
          0,
          0,
          0,
          0,
          1,
          18,
          60,
          87,
          105,
          29
        ],
        "edges": [
          -1.0,
          -0.8,
          -0.6,
          -0.4,
          -0.2,
          0.0,
          0.2,
          0.4,
          0.6,
          0.8,
          1.0
        ]
      }
    },
    {
      "pair": "frame_00000004_to_00000005",
      "mean": 0.5331921577453613,
      "std": 0.20907273888587952,
      "min": 0.05418577790260315,
      "max": 0.9229402542114258,
      "n_unstable": 125,
      "n_stable": 1,
      "n_queries": 300,
      "histogram": {
        "counts": [
          0,
          0,
          0,
          0,
          0,
          23,
          58,
          92,
          99,
          28
        ],
        "edges": [
          -1.0,
          -0.8,
          -0.6,
          -0.4,
          -0.2,
          0.0,
          0.2,
          0.4,
          0.6,
          0.8,
          1.0
        ]
      }
    },
    {
      "pair": "frame_00000005_to_00000006",
      "mean": 0.5087510347366333,
      "std": 0.19835969805717468,
      "min": -0.030316468328237534,
      "max": 0.9322904944419861,
      "n_unstable": 135,
      "n_stable": 2,
      "n_queries": 300,
      "histogram": {
        "counts": [
          0,
          0,
          0,
          0,
          1,
          20,
          67,
          111,
          80,
          21
        ],
        "edges": [
          -1.0,
          -0.8,
          -0.6,
          -0.4,
          -0.2,
          0.0,
          0.2,
          0.4,
          0.6,
          0.8,
          1.0
        ]
      }
    }
  ],
  "aggregate": {
    "mean_of_means": 0.531119441986084,
    "std_of_means": 0.013323801083768582,
    "min_mean": 0.5087510347366333,
    "max_mean": 0.5458374619483948
  }
}