{
  "config": {
    "checkpoint": "ch/checkpoint_2.pth",
    "sequence": "dancetrack0026",
    "id_thresh": 0.2,
    "n_frames": 300,
    "protocol": "hungarian"
  },
  "correct_assignment_scores": {
    "mean": 0.8544609836392075,
    "std": 0.19956409215881937,
    "p25": 0.777119979262352,
    "p50": 0.9575828909873962,
    "p75": 0.9947343468666077,
    "n": 3522
  },
  "case_A_scores": {
    "mean": 0.17721482614676157,
    "std": 0.019981028792219725,
    "p25": 0.1621391922235489,
    "p50": 0.18477405607700348,
    "p75": 0.1936824508011341,
    "n": 12,
    "description": "newborn, best_trajectory_score < id_thresh"
  },
  "case_B_scores": {
    "mean": 0.48682582033513416,
    "std": 0.17322209929713867,
    "p25": 0.34998613595962524,
    "p50": 0.45536869764328003,
    "p75": 0.6207522749900818,
    "n": 229,
    "description": "newborn despite best_trajectory_score >= id_thresh"
  },
  "case_C_count": {
    "n": 0,
    "description": "newborn, correct label absent from trajectory memory"
  },
  "max_scores_all": {
    "mean": 0.8293974326377336,
    "std": 0.2114041385097816,
    "p25": 0.7062838077545166,
    "p50": 0.9407182931900024,
    "p75": 0.993751585483551,
    "n": 3905
  },
  "newborn_max_scores": {
    "mean": 0.4714095052718127,
    "std": 0.1818436232012516,
    "p25": 0.3320219814777374,
    "p50": 0.4456993043422699,
    "p75": 0.6097729206085205,
    "n": 241
  },
  "newborn_breakdown": {
    "total": 241,
    "case_A": 12,
    "case_B": 229,
    "case_C": 0,
    "case_A_pct": 5.0,
    "case_B_pct": 95.0,
    "case_C_pct": 0.0
  }
}